{"layers":[{"elements":[{"elementDescription":"(image)","category":0,"blendMode":0,"creationViewScale":0,"isFreeHandCurve":false,"elementAdditionalValue":0,"angle":0,"smootheningRateRaw":0,"isHidden":false,"endPointFIX":[-1569.7325149179351,-1489.526083724322],"opacity":1,"blur":0,"isLocked":false,"gid":3,"smootheningRate":0,"initialPoint":[-1569.7325149179351,-1489.526083724322],"creationPoints":[],"image":{"transform":[1.3927013936998101,0,0,1.3927013936998101,-95.329509577011436,-1655.9553168094733],"imageData":{"relativePath":"Image0.dat"}},"name":"(image)"}],"isExpanded":true,"isLocked":false,"isVisible":true,"opacity":1,"gid":2,"name":"Capa 1"}],"frame":{"y":-49.365368440517159,"x":89.692905772284234,"width":3000,"height":3000},"title":"1","activeLayerIndex":0,"settings":{"gridSpacing":20,"gridAngle":45,"backgroundColor":{"b":1,"s":0,"h":0,"a":1},"gridMode":0,"isGridVisible":false},"guideLayer":{"isExpanded":false,"elements":[],"isLocked":false,"defaultName":"Guías","isVisible":true,"opacity":1,"name":"Guías","gid":4},"gid":1}