{"date":678670586.16928995,"appVersion":"4.8.1","drawing":{"me":"HlU9pTpipAdb5Nh3zxa1KU23pnEyC7VNLtW6fWaZ9gwTh7CduxAjxv\/TCQiazDdWbjBblrx7hqRTPympj1t2IPt3topsKKPiJBi944ubxzwY7bTWjR1Y+b+I2VbFhPJ\/I3iIn7wBcULRru8brz\/IBTxJWViBNbGeFIdBaFB7qBhfUgEcHdMoKw20Z1D4ely4b0tykEfnqyeVLqFQnrNULBUKvP7lkQHi9irMlUIU0k9Gdh8=","modificationDate":678670586.16357005,"activeArtboardIndex":0,"settings":{"outlineMode":false,"isolateActiveLayer":false,"snapToEdges":false,"snapToPoints":false,"guidesVisible":true,"snapToGrid":false,"units":"Points","dimensionsVisible":true,"dynamicGuides":false,"isCMYKColorPreviewEnabled":false,"undoHistoryDisabled":true,"snapToGuides":true,"drawOnlyUsingPencil":false,"whiteBackground":false,"rulersVisible":true,"isTimeLapseWatermarkDisabled":false},"artboardPaths":["Artboard0.json"],"documentVersion":""}}